{"complete_centrality_pagerank":[0.5191626099090908,0.036655404063243954],"original":[0.005517778727272728,6.908451586729245e-5],"complete_knapsack":[218.39509627590905,54.48500831233763],"fractional_knapsack_approx":[43.97099738400001,0.21485516617850103],"optimal":[314.35651603281815,244.46490989258092],"complete_centrality_stress":[10.43212460590909,0.15726659982342267]}