{"complete_centrality_pagerank":[0.0031817778944969177,8.134810923365876e-5],"original":[0.003331154352054,7.325844930683445e-10],"complete_knapsack":[0.003251006593927741,4.985851774108596e-5],"fractional_knapsack_approx":[0.003251006593927741,4.985855775885284e-5],"optimal":[0.0023878368083387613,0.0003865291946567595],"complete_centrality_stress":[0.0031826235353946686,7.76939486968331e-5]}