{"complete_centrality_pagerank":[0.14120828036363636,0.016043833895921056],"original":[0.002272674272727273,1.7761128939855752e-5],"complete_knapsack":[79.52080753763636,5.567605712517277],"fractional_knapsack_approx":[30.04740666509091,0.07462072967007191],"optimal":[62.30744078763637,30.03978529991382],"complete_centrality_stress":[4.567241104090909,0.0499676951628753]}