{"complete_centrality_pagerank":[7.200352668762207,2.3566620349884033],"complete_knapsack":[4.947595119476318,1.8946980237960815],"fractional_knapsack_approx":[4.947592735290527,1.8946988582611084],"optimal":[33.212669372558594,8.597811698913574],"complete_centrality_stress":[7.1266279220581055,2.431117296218872]}