{"complete_centrality_pagerank":[0.1428403476,0.01773129246330956],"original":[0.0022821708,1.7878513506441254e-5],"complete_knapsack":[86.21263046440001,6.69903850640735],"fractional_knapsack_approx":[8.0281783742,0.09775343552291423],"optimal":[66.30583439520001,19.302258459405678],"complete_centrality_stress":[4.6155488932,0.07547274266163863]}