{"complete_centrality_pagerank":[0.123056956,1.2153674,2.590263,3.5234578,4.174389,4.8457294,5.4181194,5.9495306,6.596806,7.143636,7.745941],"complete_knapsack":[0.023219086,0.39646482,1.22625,1.7596741,2.0751235,2.4250524,2.7849271,3.1911354,3.7270963,4.2273903,4.6295304],"fractional_knapsack_approx":[0.023212096,0.39645782,1.2262431,1.7596669,2.0751166,2.4250453,2.7849202,3.1911354,3.7270896,4.2273903,4.6295233],"optimal":[4.710182,14.43972,20.068789,24.275309,27.74708,30.747791,33.418533,35.842033,38.063965,40.12787,42.05707],"complete_centrality_stress":[0.19845958,1.5819381,2.440681,3.437941,4.202445,4.8830323,5.439773,5.9782224,6.4650893,6.910327,7.509151]}