{"complete_centrality_pagerank":[4.484208583831787,2.44204044342041],"complete_knapsack":[2.4059877395629883,1.4967342615127563],"fractional_knapsack_approx":[2.40598201751709,1.4967354536056519],"optimal":[28.318029403686523,11.603464126586914],"complete_centrality_stress":[4.4588236808776855,2.332343339920044]}