{"complete_centrality_pagerank":[4.59885835647583,1.8562541007995605],"complete_knapsack":[2.0564136505126953,1.184726595878601],"fractional_knapsack_approx":[2.056408166885376,1.1847258806228638],"optimal":[23.770118713378906,9.563217163085938],"complete_centrality_stress":[4.541324138641357,1.8552261590957642]}