{"complete_centrality_pagerank":[4.1293964,5.752542,7.305213,8.723116,10.091493],"complete_knapsack":[2.3926618,3.8031464,5.152451,6.2622776,7.127439],"fractional_knapsack_approx":[2.3926618,3.8031394,5.1524444,6.2622776,7.127439],"optimal":[21.089819,28.729729,34.35955,38.9641,42.920135],"complete_centrality_stress":[3.778261,5.880838,7.263214,8.675651,10.035174]}