{"complete_centrality_pagerank":[0.82471144,2.2579308,3.3546984,4.027844,4.5447025,5.0363364,5.373591,5.7631683,6.113825,6.5085797,6.78206],"complete_knapsack":[0.03314725,0.799892,1.0848064,1.3704804,1.7193593,2.1062353,2.3749342,2.6791193,3.124333,3.5345356,3.7937071],"fractional_knapsack_approx":[0.033138618,0.799892,1.0847979,1.3704804,1.7193506,2.1062353,2.3749256,2.6791105,3.124333,3.534527,3.7936985],"optimal":[4.245083,12.390219,17.012642,20.458065,23.301844,25.765795,27.961536,29.95491,31.789852,33.496994,35.094387],"complete_centrality_stress":[0.82471144,2.1455617,3.3289812,3.912782,4.559339,4.963233,5.285756,5.6580653,5.9937835,6.4256725,6.8566823]}