{"complete_centrality_pagerank":[0.002573893405497074,5.008116568205878e-5],"original":[0.002697969088330865,0.0],"complete_knapsack":[0.0026424876414239407,3.196355464751832e-5],"fractional_knapsack_approx":[0.0026424876414239407,3.1963540095603094e-5],"optimal":[0.002056658500805497,0.0002580126456450671],"complete_centrality_stress":[0.0025754456873983145,5.0053429731633514e-5]}