{"complete_centrality_pagerank":[0.0031777755357325077,8.070011244853958e-5],"original":[0.003424339694902301,2.6031257704950406e-10],"complete_knapsack":[0.0032549176830798388,6.488090730272233e-5],"fractional_knapsack_approx":[0.0032549176830798388,6.488093640655279e-5],"optimal":[0.0022870253305882215,0.0002944182779174298],"complete_centrality_stress":[0.0031803001184016466,8.324971713591367e-5]}