{"complete_centrality_pagerank":[9.148101,28.556791,39.11539,71.05824,100.0,100.0,100.0,100.0,100.0,100.0,100.0,100.0,100.0,100.0,100.0,100.0,100.0,100.0,100.0,100.0],"greedy_approx":[22.283384,37.158325,54.754513,71.61159,100.0,100.0,100.0,100.0,100.0,100.0,100.0,100.0,100.0,100.0,100.0,100.0,100.0,100.0,100.0,100.0],"complete_knapsack":[6.013143,17.708084,30.51788,59.857117,100.0,100.0,100.0,100.0,100.0,100.0,100.0,100.0,100.0,100.0,100.0,100.0,100.0,100.0,100.0,100.0],"fractional_knapsack_approx":[5.1156445,16.997599,29.37755,59.380417,100.0,100.0,100.0,100.0,100.0,100.0,100.0,100.0,100.0,100.0,100.0,100.0,100.0,100.0,100.0,100.0],"optimal":[49.630283,68.272224,81.80524,92.6647,100.0,99.999565,99.99925,99.999985,99.99993,99.99998,99.99987,99.999985,99.99856,99.999306,99.99996,99.999985,99.999954,99.99998,99.99991,99.99998],"complete_centrality_stress":[13.091643,27.583092,40.326687,71.05824,100.0,100.0,100.0,100.0,100.0,100.0,100.0,100.0,100.0,100.0,100.0,100.0,100.0,100.0,100.0,100.0],"complete_greedy":[23.01376,37.288536,55.496586,72.526276,100.0,100.0,100.0,100.0,100.0,100.0,100.0,100.0,100.0,100.0,100.0,100.0,100.0,100.0,100.0,100.0]}