{"complete_centrality_pagerank":[7.0720186,22.694788,45.668434,70.59897,100.0,100.0,100.0,100.0,100.0,100.0],"greedy_approx":[19.810469,39.676155,61.835964,82.12429,100.0,100.0,100.0,100.0,100.0,100.0],"complete_knapsack":[18.66593,37.518948,48.744278,68.57683,100.0,100.0,100.0,100.0,100.0,100.0],"fractional_knapsack_approx":[18.547514,37.804947,48.557537,68.44144,100.0,100.0,100.0,100.0,100.0,100.0],"complete_centrality_radiality":[7.0720186,22.694788,45.668434,71.663025,100.0,100.0,100.0,100.0,100.0,100.0],"complete_centrality_closeness":[7.0720186,22.694788,45.668434,71.663025,100.0,100.0,100.0,100.0,100.0,100.0],"optimal":[52.41768,71.73205,85.239685,95.11681,99.99905,99.99994,99.9991,99.99996,99.99985,99.99955],"complete_centrality_stress":[12.419351,20.746784,46.241566,70.598976,100.0,100.0,100.0,100.0,100.0,100.0],"complete_centrality_betweeness":[15.683598,22.796278,51.020313,70.598976,100.0,100.0,100.0,100.0,100.0,100.0],"complete_greedy":[19.935127,39.60554,61.21539,82.0885,100.0,100.0,100.0,100.0,100.0,100.0]}