{"complete_centrality_pagerank":[0.01569647341966629,0.022547641769051552],"complete_knapsack":[0.013998568058013916,0.019548647105693817],"optimal":[0.005902194883674383,0.01007787510752678],"fractional_knapsack_approx":[0.014008121564984322,0.01955334097146988],"complete_centrality_radiality":[0.015630709007382393,0.022540578618645668],"complete_centrality_stress":[0.01545095443725586,0.022050846368074417],"original":[0.061805468052625656,0.0],"greedy_approx":[0.012148058041930199,0.01840614341199398],"complete_centrality_closeness":[0.015630709007382393,0.022540578618645668],"complete_centrality_betweeness":[0.0148271843791008,0.021188711747527122],"complete_greedy":[0.01218528300523758,0.01842212677001953]}