{"complete_centrality_pagerank":[74.6034164428711,36.48162841796875],"greedy_approx":[80.34468841552734,29.7807674407959],"complete_knapsack":[77.35060119628906,31.629316329956055],"fractional_knapsack_approx":[77.33514404296875,31.636905670166016],"complete_centrality_radiality":[74.70982360839844,36.47019958496094],"complete_centrality_closeness":[74.70982360839844,36.47019958496094],"optimal":[90.45037078857422,16.30579948425293],"complete_centrality_stress":[75.00067138671875,35.67782974243164],"complete_centrality_betweeness":[76.0099105834961,34.28290939331055],"complete_greedy":[80.28445434570312,29.80662727355957]}