{"complete_centrality_pagerank":[0.00026017309999999997,7.272993061420703e-5],"original":[1.79595e-6,1.3908082267818992e-6],"greedy_approx":[0.0024551255500000002,0.000682546242946025],"complete_knapsack":[0.00034009925,0.0001616613710972398],"fractional_knapsack_approx":[0.00022905045000000003,0.000134007119732488],"optimal":[0.00518253555,0.0012274667189856158],"complete_centrality_stress":[0.00043876954999999996,6.551090369707851e-5],"complete_greedy":[0.0035585769499999996,0.001302814349188971]}