{"complete_centrality_pagerank":[87.39392852783203,27.838348388671875],"greedy_approx":[89.29039001464844,23.561880111694336],"complete_knapsack":[85.7048110961914,30.743120193481445],"fractional_knapsack_approx":[85.54356384277344,31.0772762298584],"optimal":[94.61843872070312,13.27718734741211],"complete_centrality_stress":[87.60298156738281,27.262937545776367],"complete_greedy":[89.416259765625,23.3448486328125]}