{"complete_centrality_pagerank":[0.007938376627862453,0.017530543729662895],"original":[0.06297264993190765,1.5288268429003438e-8],"greedy_approx":[0.006744122598320246,0.014837540686130524],"complete_knapsack":[0.00900205783545971,0.019359759986400604],"fractional_knapsack_approx":[0.00910360086709261,0.019570183008909225],"optimal":[0.003388915676623583,0.008360995911061764],"complete_centrality_stress":[0.007806728128343821,0.017168181017041206],"complete_greedy":[0.006664861924946308,0.014700865373015404]}