{"complete_centrality_pagerank":[0.0002577729,3.5550779683433095e-5],"complete_knapsack":[0.0002933314,4.803915710057092e-5],"optimal":[0.0068357075000000005,0.0022567339562236718],"fractional_knapsack_approx":[0.00021203160000000002,2.9203283811547243e-5],"complete_centrality_radiality":[0.0003786182,5.314815127504959e-5],"complete_centrality_stress":[0.0004240438,4.521844764842478e-5],"original":[1.0483000000000002e-6,3.4507295524924053e-7],"greedy_approx":[0.0003822007,8.980082456568968e-5],"complete_centrality_closeness":[0.00037142610000000004,2.9838058882537546e-5],"complete_centrality_betweeness":[0.00039940850000000003,3.7055587505650056e-5],"complete_greedy":[0.0007472830000000001,0.000258316496825976]}