{"complete_centrality_pagerank":[0.000667748,1.2958438872024622e-5],"original":[9.6905e-6,2.370929037318494e-6],"complete_knapsack":[0.078767648,0.023929916174196514],"fractional_knapsack_approx":[0.015812323,0.01126163574140462],"optimal":[0.103085171,0.01634277354914985],"complete_centrality_stress":[0.0181318195,0.00021509127623522888]}