{"complete_centrality_pagerank":[0.013396953232586384,0.0004487130790948868],"complete_knapsack":[0.013859507627785206,0.0003794495714828372],"optimal":[0.0085468590259552,0.001654055085964501],"fractional_knapsack_approx":[0.013859507627785206,0.0003794495714828372],"complete_centrality_radiality":[0.013422693125903606,0.00039696189924143255],"complete_centrality_stress":[0.013358230702579021,0.00041826782398857176],"original":[0.014507542364299297,0.0],"greedy_approx":[0.011496706865727901,0.0011554870288819075],"complete_centrality_closeness":[0.013422693125903606,0.00039696189924143255],"complete_centrality_betweeness":[0.013331863097846508,0.0005625797202810645],"complete_greedy":[0.011496706865727901,0.0011554869124665856]}