{"complete_centrality_pagerank":[0.0006791254,0.00013969374911108624],"complete_knapsack":[0.0392848413,0.0130420566781936],"optimal":[0.0989211495,0.021262751137913583],"fractional_knapsack_approx":[0.0357127006,0.01496893277722741],"complete_centrality_radiality":[0.014459129099999999,0.0017890513814044612],"complete_centrality_stress":[0.0195377077,0.00541122733926253],"original":[9.118700000000001e-6,2.7021983252324194e-6],"greedy_approx":[0.44977115990000005,0.2362184927869964],"complete_centrality_closeness":[0.014780910599999997,0.004223422932196748],"complete_centrality_betweeness":[0.019421424400000005,0.00298955829550042],"complete_greedy":[0.5403868452999999,0.28393327436586824]}