{"complete_centrality_pagerank":[0.6979136,2.4354088,3.0240498,4.2289677,4.668521,6.2960105,7.358528,10.654591,12.161721,14.183987,15.475408,16.114212,16.843203,17.132504,17.973478,19.042353,19.7519,21.699154,24.310865,25.002157],"greedy_approx":[4.7025313,8.476623,11.364366,14.124894,16.748098,19.410917,22.338379,24.746008,25.957909,28.0471,30.522697,32.494034,34.0446,35.586018,37.56413,39.30116,40.815983,43.095337,45.33721,46.73855],"complete_knapsack":[0.93402267,1.1594177,4.0655484,4.6783876,7.0724974,7.2473807,8.384445,8.396385,10.005355,10.507126,11.359397,12.189266,13.848856,14.645868,15.582132,16.854055,18.342371,19.125011,20.304583,22.159252],"fractional_knapsack_approx":[0.9339385,1.1593336,4.06541,4.678255,7.0723405,7.2470984,8.384145,8.396001,10.004856,10.5065,11.358819,12.188678,13.848579,14.6457,15.582,16.853916,18.342228,19.124807,20.30442,22.159103],"optimal":[18.21178,25.303951,30.57926,34.916813,38.657608,41.975826,44.97463,47.7211,50.26174,52.63039,54.852314,56.94724,58.930695,60.81544,62.611706,64.327934,65.97146,67.54846,69.063965,70.52283],"complete_centrality_stress":[0.55869865,1.8223293,3.9424193,4.076815,5.255888,5.944572,7.901886,9.349312,13.036225,13.592094,14.591699,16.26235,16.238775,17.35907,19.605354,20.026134,21.089367,22.656017,24.083458,24.753826],"complete_greedy":[4.7026277,8.47667,11.364402,14.124929,16.748165,19.411007,22.338408,24.74605,25.957956,28.047129,30.522684,32.494034,34.044582,35.58607,37.564148,39.301197,40.816013,43.095352,45.33726,46.73859]}