{"complete_centrality_pagerank":[-1.0534228,-1.3920674],"complete_knapsack":[0.8221103,0.6870333],"fractional_knapsack_approx":[0.822117,0.68704677],"optimal":[19.869007,27.46821],"complete_centrality_stress":[-0.22804882,0.1430781]}