{"complete_centrality_pagerank":[12.952746391296387,7.592644691467285],"greedy_approx":[28.070825576782227,12.615683555603027],"complete_knapsack":[11.343069076538086,6.230081081390381],"fractional_knapsack_approx":[11.342804908752441,6.2300801277160645],"optimal":[50.84125518798828,15.255566596984863],"complete_centrality_stress":[13.10731315612793,7.766040802001953],"complete_greedy":[28.070865631103516,12.615671157836914]}