{"complete_centrality_pagerank":[0.014009065926074982,3.314059358672239e-5],"original":[0.013839839957654476,0.0],"complete_knapsack":[0.013735407963395119,1.3218963431427255e-5],"fractional_knapsack_approx":[0.013735407032072544,1.3218304957263172e-5],"optimal":[0.01056414283812046,0.0007436765008606017],"complete_centrality_stress":[0.013845719397068024,3.6319386708782986e-5]}