{"complete_centrality_pagerank":[0.013491423800587654,0.001176781253889203],"original":[0.015498965978622437,0.0],"greedy_approx":[0.011148279532790184,0.0019553005695343018],"complete_knapsack":[0.013740907423198223,0.0009655980975367129],"fractional_knapsack_approx":[0.013740947470068932,0.000965598039329052],"optimal":[0.007619096897542477,0.002364455023780465],"complete_centrality_stress":[0.013467466458678246,0.0012036559637635946],"complete_greedy":[0.011148272082209587,0.001955298474058509]}