{"complete_centrality_pagerank":[4.752328,2.4985628,4.9237566,6.0501413,7.753203,8.638514,8.610601,9.755449,11.2226305,12.34736],"greedy_approx":[7.111862,10.595887,15.204763,18.398445,20.634684,23.037357,24.708347,27.325768,29.740318,30.77837],"complete_knapsack":[0.226213,1.6834501,2.2705138,3.6447651,4.0869584,4.5702944,5.718397,6.6659517,7.5907946,8.211529],"fractional_knapsack_approx":[0.226213,1.6834501,2.2705138,3.6447651,4.0869584,4.5702944,5.718397,6.6659517,7.5907946,8.211529],"complete_centrality_radiality":[4.7792,3.8372881,3.8484774,6.172197,7.747028,7.994021,8.761256,9.472321,11.146616,11.019894],"complete_centrality_closeness":[4.7792,3.8372881,3.8484774,6.172197,7.747028,7.994021,8.761256,9.472321,11.146616,11.019894],"optimal":[20.243578,27.709755,33.15634,37.578384,41.355732,44.680523,47.66573,50.384132,52.88605,55.207623],"complete_centrality_stress":[5.1056547,4.641006,4.8476777,5.7291756,6.833304,8.238465,9.580965,10.568906,11.57719,12.099314],"complete_centrality_betweeness":[5.194945,3.4192905,3.6446497,5.825752,6.6639104,7.901245,9.386709,11.64674,12.840249,14.515731],"complete_greedy":[7.111862,10.595887,15.204763,18.39845,20.634684,23.037357,24.708347,27.325768,29.740318,30.77837]}