{"complete_centrality_pagerank":[0.0007332606999999999,5.623450500229048e-5],"original":[1.2302e-5,5.022461474531974e-6],"greedy_approx":[0.28378004265,0.14421030514333005],"complete_knapsack":[0.042680362400000005,0.012381947383993695],"fractional_knapsack_approx":[0.0096988209,0.006475469990836307],"optimal":[0.09826459174999999,0.01628269834815724],"complete_centrality_stress":[0.0195579943,0.0040530056290282715],"complete_greedy":[1.1354314473999998,0.6240523764183429]}