{"complete_centrality_pagerank":[-1.2227451801300049,0.23945792019367218],"complete_knapsack":[0.754571795463562,0.09551386535167694],"fractional_knapsack_approx":[0.754581868648529,0.09550905972719193],"optimal":[23.668609619140625,5.373447895050049],"complete_centrality_stress":[-0.04248535633087158,0.26242634654045105]}