{"complete_centrality_pagerank":[7.655254364013672,3.092963933944702],"greedy_approx":[20.753582000732422,7.964732646942139],"complete_knapsack":[4.466886520385742,2.6155331134796143],"fractional_knapsack_approx":[4.466886520385742,2.6155331134796143],"complete_centrality_radiality":[7.477830410003662,2.7362449169158936],"complete_centrality_closeness":[7.477830410003662,2.7362449169158936],"optimal":[41.08678436279297,11.401346206665039],"complete_centrality_stress":[7.922165870666504,2.883105993270874],"complete_centrality_betweeness":[8.103921890258789,3.877842903137207],"complete_greedy":[20.753582000732422,7.964732646942139]}