{"complete_centrality_pagerank":[0.010524571873247623,0.01610300876200199],"complete_knapsack":[0.010937346145510674,0.01832493022084236],"optimal":[0.0036136587150394917,0.007059426978230476],"fractional_knapsack_approx":[0.01103220321238041,0.01842770352959633],"complete_centrality_radiality":[0.010871903970837593,0.016386764124035835],"complete_centrality_stress":[0.01059721875935793,0.01579471491277218],"original":[0.05326061695814133,3.926800662412688e-9],"greedy_approx":[0.006945683155208826,0.012430244125425816],"complete_centrality_closeness":[0.010871903970837593,0.016386764124035835],"complete_centrality_betweeness":[0.010629862546920776,0.015919728204607964],"complete_greedy":[0.006893160752952099,0.012388821691274643]}