{"complete_centrality_pagerank":[85.61003875732422,31.30821418762207],"greedy_approx":[91.38435363769531,19.463293075561523],"complete_knapsack":[88.28368377685547,25.15892791748047],"fractional_knapsack_approx":[88.12613677978516,25.314334869384766],"optimal":[95.96646881103516,10.388873100280762],"complete_centrality_stress":[85.50927734375,31.596519470214844],"complete_greedy":[91.69183349609375,18.880653381347656]}