{"complete_centrality_pagerank":[0.00024501920000000003,2.778772130436192e-5],"complete_knapsack":[0.0004523931,0.00020784800164407003],"optimal":[0.0110061132,0.007861364616122243],"fractional_knapsack_approx":[0.0003019085999999999,0.00011067299635934483],"complete_centrality_radiality":[0.0003815941,3.9277881956501805e-5],"complete_centrality_stress":[0.0005850871,0.0002942959796404709],"original":[3.7587999999999995e-6,4.749854028166434e-6],"greedy_approx":[0.0010005961000000001,0.0006197270414928118],"complete_centrality_closeness":[0.0004142542,5.079080259653316e-5],"complete_centrality_betweeness":[0.0005305024,0.00019015640293610945],"complete_greedy":[0.0013064030999999999,0.0004995238254454491]}