{"complete_centrality_pagerank":[0.00027219065,9.476991697528615e-5],"original":[2.61458e-5,0.00010313831329647633],"greedy_approx":[0.0043945389,0.005421640512942222],"complete_knapsack":[0.00042629175,0.0002747999950244914],"fractional_knapsack_approx":[0.00026170045,0.00014999900789548223],"optimal":[0.0098860109,0.0068113879886599425],"complete_centrality_stress":[0.0005141703999999999,0.0001969169253350522],"complete_greedy":[0.0033254580499999997,0.0013249418278036716]}