{"complete_centrality_pagerank":[0.007855195552110672,0.01709054782986641],"original":[0.054588038474321365,0.0],"greedy_approx":[0.004703109618276358,0.010624626651406288],"complete_knapsack":[0.006395705975592136,0.013733762316405773],"fractional_knapsack_approx":[0.006481709890067577,0.013818604871630669],"optimal":[0.002201829571276903,0.005671082064509392],"complete_centrality_stress":[0.007910199463367462,0.01724792644381523],"complete_greedy":[0.004535265266895294,0.010306581854820251]}