{"complete_centrality_pagerank":[-0.22725156,13.104689,42.551163,56.772243,100.0,100.0,100.0,100.0,100.0,100.0,100.0,100.0,100.0,100.0,100.0,100.0,100.0,100.0,100.0,100.0],"greedy_approx":[30.324013,51.494144,70.75326,75.11574,100.0,100.0,100.0,100.0,100.0,100.0,100.0,100.0,100.0,100.0,100.0,100.0,100.0,100.0,100.0,100.0],"complete_knapsack":[14.753929,47.354897,45.31596,58.248943,100.0,100.0,100.0,100.0,100.0,100.0,100.0,100.0,100.0,100.0,100.0,100.0,100.0,100.0,100.0,100.0],"fractional_knapsack_approx":[15.87389,46.12542,44.43916,56.08423,100.0,100.0,100.0,100.0,100.0,100.0,100.0,100.0,100.0,100.0,100.0,100.0,100.0,100.0,100.0,100.0],"optimal":[59.09018,76.831856,87.95489,95.464325,99.99745,99.9994,99.99914,99.998245,99.99923,99.99963,99.99766,99.999565,99.99999,99.9991,99.999756,99.99991,99.99994,99.9997,99.99999,99.99927],"complete_centrality_stress":[3.75438,5.925076,42.99831,57.507843,100.0,100.0,100.0,100.0,100.0,100.0,100.0,100.0,100.0,100.0,100.0,100.0,100.0,100.0,100.0,100.0],"complete_greedy":[32.0449,52.912815,72.00641,76.87256,100.0,100.0,100.0,100.0,100.0,100.0,100.0,100.0,100.0,100.0,100.0,100.0,100.0,100.0,100.0,100.0]}