{"complete_centrality_pagerank":[16.47036,42.63595,60.332825,82.95574,100.0,100.0,100.0,100.0,100.0,100.0],"greedy_approx":[33.176147,59.169285,78.342125,98.9031,100.0,100.0,100.0,100.0,100.0,100.0],"complete_knapsack":[7.5378404,32.462605,58.19098,96.453354,100.0,100.0,100.0,100.0,100.0,100.0],"fractional_knapsack_approx":[7.038289,32.0342,57.7178,96.07347,100.0,100.0,100.0,100.0,100.0,100.0],"complete_centrality_radiality":[16.47036,42.883743,53.563667,82.95574,100.0,100.0,100.0,100.0,100.0,100.0],"complete_centrality_closeness":[16.47036,42.883743,53.563667,82.95574,100.0,100.0,100.0,100.0,100.0,100.0],"optimal":[60.270424,79.85293,92.45276,99.58344,99.997406,99.998856,99.99973,99.99935,99.99889,99.99762],"complete_centrality_stress":[23.732733,37.554714,56.7877,82.95574,100.0,100.0,100.0,100.0,100.0,100.0],"complete_centrality_betweeness":[21.971767,38.15085,57.339607,82.95574,100.0,100.0,100.0,100.0,100.0,100.0],"complete_greedy":[33.304783,59.410934,78.83569,99.02538,100.0,100.0,100.0,100.0,100.0,100.0]}