{"complete_centrality_pagerank":[80.23948669433594,30.234359741210938],"greedy_approx":[86.95906829833984,23.338525772094727],"complete_knapsack":[79.4644775390625,34.406150817871094],"fractional_knapsack_approx":[79.286376953125,34.5991096496582],"complete_centrality_radiality":[79.58735656738281,30.76712417602539],"complete_centrality_closeness":[79.58735656738281,30.76712417602539],"optimal":[93.21514129638672,13.254496574401855],"complete_centrality_stress":[80.10308837890625,29.655521392822266],"complete_centrality_betweeness":[80.04179382324219,29.890243530273438],"complete_greedy":[87.05767822265625,23.260759353637695]}